<?xml version="1.0" encoding="UTF-8"?>
<!--
 IBM Confidential
 OCO Source Materials
 5724L7800
 (c) Copyright IBM Corporation 2004, 2007
 The source code for this program is not published or otherwise
 divested of its trade secrets, irrespective of what has been
 deposited with the U.S. Copyright Office.
-->
<emd:discoveryService xmlns:emd="commonj.connector" xmlns:j2ee="http://java.sun.com/xml/ns/j2ee" xmlns:xsi="http://www.w3.org/2001/XMLSchema-instance" xsi:schemaLocation="http://java.sun.com/xml/ns/j2ee http://java.sun.com/xml/ns/j2ee/j2ee_1_4.xsd">
	<j2ee:description>IBM WebSphere Adapter for Flat Files</j2ee:description>
	<j2ee:description xml:lang="es">IBM WebSphere Adapter para Flat Files</j2ee:description>
	<j2ee:description xml:lang="pt">IBM WebSphere Adapter para Flat Files</j2ee:description>
	<j2ee:display-name>IBM WebSphere Adapter for Flat Files</j2ee:display-name>
	<j2ee:display-name xml:lang="es">IBM WebSphere Adapter para Flat Files</j2ee:display-name>
	<j2ee:display-name xml:lang="pt">IBM WebSphere Adapter para Flat Files</j2ee:display-name>
	<emd:vendor-name xsi:type="j2ee:xsdStringType">IBM</emd:vendor-name>
	<emd:version xsi:type="j2ee:xsdStringType">7.5.0.5</emd:version>
	<emd:spec-version>1.1</emd:spec-version>
	<emd:metadataBuild-class xsi:type="j2ee:fully-qualified-classType">
		com.ibm.j2ca.flatfile.emd.build.FlatFileMetadataBuild
	</emd:metadataBuild-class>
	<emd:metadataEdit-class xsi:type="j2ee:fully-qualified-classType">
		com.ibm.j2ca.flatfile.emd.discovery.FlatFileMetadataEdit
	</emd:metadataEdit-class>	
	<emd:metadataType-class xsi:type="j2ee:fully-qualified-classType">
		com.ibm.j2ca.flatfile.emd.build.FlatFileMetadataType
	</emd:metadataType-class>
	<emd:application-specific-schema>
		<j2ee:description>FlatFile ASI schema</j2ee:description>
		<j2ee:display-name>FlatFile ASI schema</j2ee:display-name>
		<emd:asiNSURI>
			http://www.ibm.com/xmlns/prod/websphere/j2ca/flatfile/datatransformation/databindingmapping
		</emd:asiNSURI>
		<emd:asiSchemaLocation>FlatFileASI.xsd</emd:asiSchemaLocation>
	</emd:application-specific-schema>
	<emd:bindingProvider-class xsi:type="j2ee:fully-qualified-classType">
		com.ibm.j2ca.flatfile.emd.runtime.FlatFileBindingProvider
	</emd:bindingProvider-class>
</emd:discoveryService>